{
  "Intent": {
    "macro_f1": 0.9598528587089452,
    "accuracy": 0.9680638722554891,
    "per_class_f1": [
      1.0,
      0.967741935483871,
      0.972972972972973,
      0.8333333333333334,
      0.9158878504672897,
      0.9090909090909091,
      1.0,
      0.9861751152073732,
      0.9941520467836257,
      0.9696969696969697,
      1.0,
      1.0,
      1.0,
      0.8888888888888888
    ]
  },
  "AnswerType": {
    "macro_f1": 0.8882015978509784,
    "accuracy": 0.93812375249501,
    "per_class_f1": [
      0.7407407407407407,
      1.0,
      0.8666666666666667,
      0.8333333333333334,
      0.8674698795180723,
      0.9941520467836257,
      1.0,
      0.9166666666666666,
      0.6666666666666666,
      0.926829268292683,
      0.9576923076923077
    ]
  },
  "CognitiveLevel": {
    "macro_f1": 0.7856099685636444,
    "accuracy": 0.7924151696606786,
    "per_class_f1": [
      0.7781818181818182,
      0.7142857142857143,
      0.7142857142857143,
      0.8826291079812206,
      1.0,
      0.6242774566473989
    ]
  },
  "QuestionParticleType": {
    "macro_f1": 1.0,
    "accuracy": 1.0,
    "per_class_f1": [
      1.0,
      1.0,
      1.0
    ]
  },
  "QuestionType": {
    "macro_f1": 0.9103392885982793,
    "accuracy": 0.9181636726546906,
    "per_class_f1": [
      0.9368258859784283,
      0.8838526912181303
    ]
  },
  "Subjectivity": {
    "macro_f1": 0.9450485167121244,
    "accuracy": 0.9700598802395209,
    "per_class_f1": [
      0.9821215733015495,
      0.9079754601226994
    ]
  },
  "TemporalContext": {
    "macro_f1": 0.850191692530432,
    "accuracy": 0.9141716566866267,
    "per_class_f1": [
      0.8333333333333334,
      0.9297297297297298,
      0.9357798165137615,
      0.8854489164086687,
      0.6666666666666666
    ]
  },
  "PurposeContext": {
    "macro_f1": 0.8734402743563735,
    "accuracy": 0.9620758483033932,
    "per_class_f1": [
      0.6666666666666666,
      0.9786666666666667,
      0.8932038834951457,
      0.9552238805970149
    ]
  },
  "List": {
    "macro_f1": 0.922239467849224,
    "accuracy": 0.9720558882235529,
    "per_class_f1": [
      0.86,
      0.9844789356984479
    ]
  },
  "mean_macro_f1": 0.9038804072411113
}