{
  "Intent": {
    "macro_f1": 0.9526182646674936,
    "accuracy": 0.9620758483033932,
    "per_class_f1": [
      1.0,
      1.0,
      0.972972972972973,
      0.7619047619047619,
      0.8888888888888888,
      0.9090909090909091,
      1.0,
      0.9793103448275862,
      0.9941520467836257,
      0.9705882352941176,
      1.0,
      0.9565217391304348,
      1.0,
      0.9032258064516129
    ]
  },
  "AnswerType": {
    "macro_f1": 0.8760941733849946,
    "accuracy": 0.93812375249501,
    "per_class_f1": [
      0.7450980392156863,
      1.0,
      0.8666666666666667,
      0.8695652173913043,
      0.875,
      0.9941520467836257,
      0.8888888888888888,
      0.8461538461538461,
      0.6666666666666666,
      0.926829268292683,
      0.9580152671755725
    ]
  },
  "CognitiveLevel": {
    "macro_f1": 0.7986460355116765,
    "accuracy": 0.8063872255489022,
    "per_class_f1": [
      0.7956989247311828,
      0.8,
      0.6923076923076923,
      0.8894117647058823,
      1.0,
      0.6144578313253012
    ]
  },
  "QuestionParticleType": {
    "macro_f1": 0.9979617950260357,
    "accuracy": 0.998003992015968,
    "per_class_f1": [
      0.9951690821256038,
      1.0,
      0.9987163029525032
    ]
  },
  "QuestionType": {
    "macro_f1": 0.9103392885982793,
    "accuracy": 0.9181636726546906,
    "per_class_f1": [
      0.9368258859784283,
      0.8838526912181303
    ]
  },
  "Subjectivity": {
    "macro_f1": 0.9433535597180869,
    "accuracy": 0.9700598802395209,
    "per_class_f1": [
      0.9822485207100592,
      0.9044585987261147
    ]
  },
  "TemporalContext": {
    "macro_f1": 0.8348835254543416,
    "accuracy": 0.8902195608782435,
    "per_class_f1": [
      0.8333333333333334,
      0.9074733096085409,
      0.9107142857142857,
      0.8562300319488818,
      0.6666666666666666
    ]
  },
  "PurposeContext": {
    "macro_f1": 0.8461129991503823,
    "accuracy": 0.9600798403193613,
    "per_class_f1": [
      0.5714285714285714,
      0.9799732977303071,
      0.8785046728971962,
      0.9545454545454546
    ]
  },
  "List": {
    "macro_f1": 0.9095177894166516,
    "accuracy": 0.9680638722554891,
    "per_class_f1": [
      0.8367346938775511,
      0.9823008849557522
    ]
  },
  "mean_macro_f1": 0.8966141589919937
}