{
  "Intent": {
    "macro_f1": 0.8525640921370619,
    "accuracy": 0.8882235528942116,
    "per_class_f1": [
      0.8461538461538461,
      1.0,
      0.9714285714285714,
      0.72,
      0.8545454545454545,
      0.7692307692307693,
      1.0,
      0.9125295508274232,
      0.926829268292683,
      0.7733333333333333,
      0.5,
      0.7586206896551724,
      1.0,
      0.9032258064516129
    ]
  },
  "AnswerType": {
    "macro_f1": 0.8341104678494283,
    "accuracy": 0.9001996007984032,
    "per_class_f1": [
      0.76,
      1.0,
      0.8666666666666667,
      0.6923076923076923,
      0.8048780487804879,
      0.926829268292683,
      0.8888888888888888,
      0.9090909090909091,
      0.5,
      0.9,
      0.9265536723163842
    ]
  },
  "CognitiveLevel": {
    "macro_f1": 0.7532296710067968,
    "accuracy": 0.7644710578842315,
    "per_class_f1": [
      0.7781818181818182,
      0.6582278481012658,
      0.8275862068965517,
      0.8431372549019608,
      0.8,
      0.6122448979591837
    ]
  },
  "QuestionParticleType": {
    "macro_f1": 1.0,
    "accuracy": 1.0,
    "per_class_f1": [
      1.0,
      1.0,
      1.0
    ]
  },
  "QuestionType": {
    "macro_f1": 0.9203187955043473,
    "accuracy": 0.9281437125748503,
    "per_class_f1": [
      0.9452887537993921,
      0.8953488372093024
    ]
  },
  "Subjectivity": {
    "macro_f1": 0.945584881068752,
    "accuracy": 0.9700598802395209,
    "per_class_f1": [
      0.982078853046595,
      0.9090909090909091
    ]
  },
  "TemporalContext": {
    "macro_f1": 0.6337222730155593,
    "accuracy": 0.8902195608782435,
    "per_class_f1": [
      0.5,
      0.9187279151943463,
      0.8909090909090909,
      0.8589743589743589,
      0.0
    ]
  },
  "PurposeContext": {
    "macro_f1": 0.8455343137254903,
    "accuracy": 0.9481037924151696,
    "per_class_f1": [
      0.625,
      0.9706666666666667,
      0.86,
      0.9264705882352942
    ]
  },
  "List": {
    "macro_f1": 0.9126797385620915,
    "accuracy": 0.9680638722554891,
    "per_class_f1": [
      0.8431372549019608,
      0.9822222222222222
    ]
  },
  "mean_macro_f1": 0.8553049147632809
}