{
  "Intent": {
    "macro_f1": 0.9571490833909966,
    "accuracy": 0.9600798403193613,
    "per_class_f1": [
      1.0,
      1.0,
      0.9411764705882353,
      0.6666666666666666,
      0.9285714285714286,
      1.0,
      1.0,
      0.9622641509433962,
      1.0,
      1.0,
      1.0,
      1.0,
      1.0,
      0.9014084507042254
    ]
  },
  "AnswerType": {
    "macro_f1": 0.8713443486614217,
    "accuracy": 0.9401197604790419,
    "per_class_f1": [
      0.7027027027027027,
      1.0,
      0.9444444444444444,
      0.8095238095238095,
      0.88,
      1.0,
      1.0,
      0.8148148148148148,
      0.5,
      0.975609756097561,
      0.9576923076923077
    ]
  },
  "CognitiveLevel": {
    "macro_f1": 0.8349989060412032,
    "accuracy": 0.8323353293413174,
    "per_class_f1": [
      0.8153310104529616,
      0.7956989247311828,
      0.8125,
      0.9117647058823529,
      1.0,
      0.6746987951807228
    ]
  },
  "QuestionParticleType": {
    "macro_f1": 1.0,
    "accuracy": 1.0,
    "per_class_f1": [
      1.0,
      1.0,
      1.0
    ]
  },
  "QuestionType": {
    "macro_f1": 0.9170399874689521,
    "accuracy": 0.9261477045908184,
    "per_class_f1": [
      0.9445277361319341,
      0.8895522388059701
    ]
  },
  "Subjectivity": {
    "macro_f1": 0.9666989165515765,
    "accuracy": 0.9820359281437125,
    "per_class_f1": [
      0.9892984542211652,
      0.9440993788819876
    ]
  },
  "TemporalContext": {
    "macro_f1": 0.7686718091294185,
    "accuracy": 0.8622754491017964,
    "per_class_f1": [
      0.75,
      0.8884826325411335,
      0.8970588235294118,
      0.8078175895765473,
      0.5
    ]
  },
  "PurposeContext": {
    "macro_f1": 0.9083476296178848,
    "accuracy": 0.9720558882235529,
    "per_class_f1": [
      0.75,
      0.9838274932614556,
      0.907563025210084,
      0.992
    ]
  },
  "List": {
    "macro_f1": 0.9504510939440226,
    "accuracy": 0.9820359281437125,
    "per_class_f1": [
      0.9108910891089109,
      0.9900110987791343
    ]
  },
  "mean_macro_f1": 0.9083001972006084
}