{
  "Intent": {
    "macro_f1": 0.9673786466982036,
    "accuracy": 0.9720558882235529,
    "per_class_f1": [
      1.0,
      1.0,
      0.9714285714285714,
      0.7368421052631579,
      0.9285714285714286,
      1.0,
      1.0,
      0.9789227166276346,
      1.0,
      1.0,
      1.0,
      1.0,
      1.0,
      0.927536231884058
    ]
  },
  "AnswerType": {
    "macro_f1": 0.8702382874790247,
    "accuracy": 0.9401197604790419,
    "per_class_f1": [
      0.7027027027027027,
      1.0,
      0.9142857142857143,
      0.8571428571428571,
      0.8648648648648649,
      1.0,
      1.0,
      0.8,
      0.5,
      0.975609756097561,
      0.9580152671755725
    ]
  },
  "CognitiveLevel": {
    "macro_f1": 0.8411313073361266,
    "accuracy": 0.8323353293413174,
    "per_class_f1": [
      0.7954545454545454,
      0.8080808080808081,
      0.8484848484848485,
      0.9204819277108434,
      1.0,
      0.6742857142857143
    ]
  },
  "QuestionParticleType": {
    "macro_f1": 1.0,
    "accuracy": 1.0,
    "per_class_f1": [
      1.0,
      1.0,
      1.0
    ]
  },
  "QuestionType": {
    "macro_f1": 0.9212890020064908,
    "accuracy": 0.9301397205588823,
    "per_class_f1": [
      0.9476831091180867,
      0.8948948948948949
    ]
  },
  "Subjectivity": {
    "macro_f1": 0.9631834215167548,
    "accuracy": 0.9800399201596807,
    "per_class_f1": [
      0.9880952380952381,
      0.9382716049382716
    ]
  },
  "TemporalContext": {
    "macro_f1": 0.7171555294674736,
    "accuracy": 0.9021956087824351,
    "per_class_f1": [
      0.8888888888888888,
      0.9261992619926199,
      0.9014084507042254,
      0.869281045751634,
      0.0
    ]
  },
  "PurposeContext": {
    "macro_f1": 0.9068966822777608,
    "accuracy": 0.9700598802395209,
    "per_class_f1": [
      0.75,
      0.9823609226594301,
      0.9032258064516129,
      0.992
    ]
  },
  "List": {
    "macro_f1": 0.9454248366013072,
    "accuracy": 0.9800399201596807,
    "per_class_f1": [
      0.9019607843137255,
      0.9888888888888889
    ]
  },
  "mean_macro_f1": 0.9036330792647935
}