{
  "Intent": {
    "macro_f1": 0.9753462331664994,
    "accuracy": 0.9740518962075848,
    "per_class_f1": [
      1.0,
      1.0,
      0.9714285714285714,
      0.8571428571428571,
      0.9174311926605505,
      1.0,
      1.0,
      0.9813084112149533,
      1.0,
      1.0,
      1.0,
      1.0,
      1.0,
      0.927536231884058
    ]
  },
  "AnswerType": {
    "macro_f1": 0.8769254162474709,
    "accuracy": 0.9401197604790419,
    "per_class_f1": [
      0.7027027027027027,
      1.0,
      0.972972972972973,
      0.8181818181818182,
      0.8767123287671232,
      1.0,
      1.0,
      0.8461538461538461,
      0.5,
      0.975609756097561,
      0.9538461538461539
    ]
  },
  "CognitiveLevel": {
    "macro_f1": 0.8211345191507465,
    "accuracy": 0.8083832335329342,
    "per_class_f1": [
      0.776,
      0.7474747474747475,
      0.8235294117647058,
      0.9,
      1.0,
      0.6798029556650246
    ]
  },
  "QuestionParticleType": {
    "macro_f1": 1.0,
    "accuracy": 1.0,
    "per_class_f1": [
      1.0,
      1.0,
      1.0
    ]
  },
  "QuestionType": {
    "macro_f1": 0.9032605097649785,
    "accuracy": 0.9161676646706587,
    "per_class_f1": [
      0.9385964912280702,
      0.8679245283018868
    ]
  },
  "Subjectivity": {
    "macro_f1": 0.9635456080097793,
    "accuracy": 0.9800399201596807,
    "per_class_f1": [
      0.9880668257756563,
      0.9390243902439024
    ]
  },
  "TemporalContext": {
    "macro_f1": 0.7071719272940558,
    "accuracy": 0.8842315369261478,
    "per_class_f1": [
      0.8888888888888888,
      0.9097605893186004,
      0.8951048951048951,
      0.8421052631578947,
      0.0
    ]
  },
  "PurposeContext": {
    "macro_f1": 0.8994231672410401,
    "accuracy": 0.9640718562874252,
    "per_class_f1": [
      0.75,
      0.978319783197832,
      0.8852459016393442,
      0.9841269841269841
    ]
  },
  "List": {
    "macro_f1": 0.9404840329600311,
    "accuracy": 0.9780439121756487,
    "per_class_f1": [
      0.8932038834951457,
      0.9877641824249166
    ]
  },
  "mean_macro_f1": 0.8985879348705113
}