{
  "Intent": {
    "macro_f1": 0.9509383505712823,
    "accuracy": 0.9560878243512974,
    "per_class_f1": [
      1.0,
      0.9655172413793104,
      0.972972972972973,
      0.8333333333333334,
      0.8888888888888888,
      0.9090909090909091,
      1.0,
      0.974477958236659,
      0.9941520467836257,
      0.9696969696969697,
      1.0,
      0.9565217391304348,
      1.0,
      0.8484848484848485
    ]
  },
  "AnswerType": {
    "macro_f1": 0.8551312756645978,
    "accuracy": 0.9321357285429142,
    "per_class_f1": [
      0.7547169811320755,
      1.0,
      0.8666666666666667,
      0.8,
      0.8395061728395061,
      0.9941520467836257,
      0.8888888888888888,
      0.88,
      0.5,
      0.926829268292683,
      0.9556840077071291
    ]
  },
  "CognitiveLevel": {
    "macro_f1": 0.7907230791317845,
    "accuracy": 0.8043912175648703,
    "per_class_f1": [
      0.7928571428571428,
      0.7,
      0.72,
      0.8992974238875878,
      1.0,
      0.632183908045977
    ]
  },
  "QuestionParticleType": {
    "macro_f1": 1.0,
    "accuracy": 1.0,
    "per_class_f1": [
      1.0,
      1.0,
      1.0
    ]
  },
  "QuestionType": {
    "macro_f1": 0.9186606230007416,
    "accuracy": 0.9261477045908184,
    "per_class_f1": [
      0.9433384379785605,
      0.8939828080229226
    ]
  },
  "Subjectivity": {
    "macro_f1": 0.9558201058201059,
    "accuracy": 0.9760479041916168,
    "per_class_f1": [
      0.9857142857142858,
      0.9259259259259259
    ]
  },
  "TemporalContext": {
    "macro_f1": 0.8192662791134783,
    "accuracy": 0.8882235528942116,
    "per_class_f1": [
      0.7692307692307693,
      0.9097345132743363,
      0.897196261682243,
      0.8535031847133758,
      0.6666666666666666
    ]
  },
  "PurposeContext": {
    "macro_f1": 0.8686809882178768,
    "accuracy": 0.9620758483033932,
    "per_class_f1": [
      0.6666666666666666,
      0.9814323607427056,
      0.8653846153846154,
      0.9612403100775194
    ]
  },
  "List": {
    "macro_f1": 0.922239467849224,
    "accuracy": 0.9720558882235529,
    "per_class_f1": [
      0.86,
      0.9844789356984479
    ]
  },
  "mean_macro_f1": 0.8979400188187879
}