{
  "Intent": {
    "macro_f1": 0.9586525528030411,
    "accuracy": 0.9700598802395209,
    "per_class_f1": [
      1.0,
      0.9333333333333333,
      0.9473684210526315,
      0.8333333333333334,
      0.9074074074074074,
      0.9090909090909091,
      1.0,
      0.9907407407407407,
      0.9941520467836257,
      0.9850746268656716,
      1.0,
      1.0,
      1.0,
      0.9206349206349206
    ]
  },
  "AnswerType": {
    "macro_f1": 0.89435374910139,
    "accuracy": 0.9421157684630739,
    "per_class_f1": [
      0.7636363636363637,
      1.0,
      0.896551724137931,
      0.8695652173913043,
      0.8809523809523809,
      0.9941520467836257,
      1.0,
      0.88,
      0.6666666666666666,
      0.926829268292683,
      0.9595375722543352
    ]
  },
  "CognitiveLevel": {
    "macro_f1": 0.7854326966807337,
    "accuracy": 0.7844311377245509,
    "per_class_f1": [
      0.7753623188405797,
      0.7142857142857143,
      0.7407407407407407,
      0.8720379146919431,
      1.0,
      0.6101694915254238
    ]
  },
  "QuestionParticleType": {
    "macro_f1": 1.0,
    "accuracy": 1.0,
    "per_class_f1": [
      1.0,
      1.0,
      1.0
    ]
  },
  "QuestionType": {
    "macro_f1": 0.9144905273937531,
    "accuracy": 0.9221556886227545,
    "per_class_f1": [
      0.9400921658986175,
      0.8888888888888888
    ]
  },
  "Subjectivity": {
    "macro_f1": 0.9450485167121244,
    "accuracy": 0.9700598802395209,
    "per_class_f1": [
      0.9821215733015495,
      0.9079754601226994
    ]
  },
  "TemporalContext": {
    "macro_f1": 0.8463736570014587,
    "accuracy": 0.906187624750499,
    "per_class_f1": [
      0.8333333333333334,
      0.9222423146473779,
      0.9357798165137615,
      0.8738461538461538,
      0.6666666666666666
    ]
  },
  "PurposeContext": {
    "macro_f1": 0.8709522506600202,
    "accuracy": 0.9600798403193613,
    "per_class_f1": [
      0.6666666666666666,
      0.9773030707610146,
      0.8846153846153846,
      0.9552238805970149
    ]
  },
  "List": {
    "macro_f1": 0.9174184899067044,
    "accuracy": 0.9700598802395209,
    "per_class_f1": [
      0.8514851485148515,
      0.9833518312985572
    ]
  },
  "mean_macro_f1": 0.9036358266954695
}