{
  "Intent": {
    "macro_f1": 0.9611823447823833,
    "accuracy": 0.9700598802395209,
    "per_class_f1": [
      1.0,
      0.967741935483871,
      0.972972972972973,
      0.8333333333333334,
      0.897196261682243,
      0.9090909090909091,
      1.0,
      0.9907407407407407,
      0.9941520467836257,
      0.9850746268656716,
      1.0,
      1.0,
      1.0,
      0.90625
    ]
  },
  "AnswerType": {
    "macro_f1": 0.882938339961927,
    "accuracy": 0.9441117764471058,
    "per_class_f1": [
      0.7547169811320755,
      1.0,
      0.8275862068965517,
      0.9523809523809523,
      0.8780487804878049,
      0.9941520467836257,
      0.8888888888888888,
      0.8571428571428571,
      0.6666666666666666,
      0.926829268292683,
      0.9659090909090909
    ]
  },
  "CognitiveLevel": {
    "macro_f1": 0.7982873804738086,
    "accuracy": 0.8023952095808383,
    "per_class_f1": [
      0.7910447761194029,
      0.7529411764705882,
      0.72,
      0.8816705336426914,
      1.0,
      0.6440677966101694
    ]
  },
  "QuestionParticleType": {
    "macro_f1": 1.0,
    "accuracy": 1.0,
    "per_class_f1": [
      1.0,
      1.0,
      1.0
    ]
  },
  "QuestionType": {
    "macro_f1": 0.9149313189803426,
    "accuracy": 0.9221556886227545,
    "per_class_f1": [
      0.9397217928902627,
      0.8901408450704226
    ]
  },
  "Subjectivity": {
    "macro_f1": 0.9474023636690863,
    "accuracy": 0.9720558882235529,
    "per_class_f1": [
      0.9834123222748815,
      0.9113924050632911
    ]
  },
  "TemporalContext": {
    "macro_f1": 0.842990703976694,
    "accuracy": 0.9041916167664671,
    "per_class_f1": [
      0.8333333333333334,
      0.9213893967093236,
      0.9174311926605505,
      0.8761329305135952,
      0.6666666666666666
    ]
  },
  "PurposeContext": {
    "macro_f1": 0.8672598239552651,
    "accuracy": 0.9580838323353293,
    "per_class_f1": [
      0.6666666666666666,
      0.9773030707610146,
      0.8785046728971962,
      0.9465648854961832
    ]
  },
  "List": {
    "macro_f1": 0.9296629480436731,
    "accuracy": 0.9740518962075848,
    "per_class_f1": [
      0.8737864077669902,
      0.985539488320356
    ]
  },
  "mean_macro_f1": 0.904961691538131
}