{
  "Intent": {
    "macro_f1": 0.9658422667909,
    "accuracy": 0.9680638722554891,
    "per_class_f1": [
      1.0,
      1.0,
      0.9714285714285714,
      0.7368421052631579,
      0.9272727272727272,
      1.0,
      1.0,
      0.9719626168224299,
      1.0,
      1.0,
      1.0,
      1.0,
      1.0,
      0.9142857142857143
    ]
  },
  "AnswerType": {
    "macro_f1": 0.8760230033400765,
    "accuracy": 0.9441117764471058,
    "per_class_f1": [
      0.7027027027027027,
      1.0,
      0.9444444444444444,
      0.8571428571428571,
      0.88,
      1.0,
      1.0,
      0.8148148148148148,
      0.5,
      0.975609756097561,
      0.9615384615384616
    ]
  },
  "CognitiveLevel": {
    "macro_f1": 0.8390322106843423,
    "accuracy": 0.8323353293413174,
    "per_class_f1": [
      0.8197879858657244,
      0.8163265306122449,
      0.8125,
      0.9032258064516129,
      1.0,
      0.6823529411764706
    ]
  },
  "QuestionParticleType": {
    "macro_f1": 1.0,
    "accuracy": 1.0,
    "per_class_f1": [
      1.0,
      1.0,
      1.0
    ]
  },
  "QuestionType": {
    "macro_f1": 0.9122934593786611,
    "accuracy": 0.9221556886227545,
    "per_class_f1": [
      0.9417040358744395,
      0.8828828828828829
    ]
  },
  "Subjectivity": {
    "macro_f1": 0.9631834215167548,
    "accuracy": 0.9800399201596807,
    "per_class_f1": [
      0.9880952380952381,
      0.9382716049382716
    ]
  },
  "TemporalContext": {
    "macro_f1": 0.7873402579036717,
    "accuracy": 0.8962075848303394,
    "per_class_f1": [
      0.75,
      0.9199255121042831,
      0.9078014184397163,
      0.8589743589743589,
      0.5
    ]
  },
  "PurposeContext": {
    "macro_f1": 0.9065120011535305,
    "accuracy": 0.9700598802395209,
    "per_class_f1": [
      0.75,
      0.9824086603518268,
      0.9016393442622951,
      0.992
    ]
  },
  "List": {
    "macro_f1": 0.9271452062149736,
    "accuracy": 0.9740518962075848,
    "per_class_f1": [
      0.8686868686868687,
      0.9856035437430787
    ]
  },
  "mean_macro_f1": 0.9085968696647679
}