{
  "Intent": {
    "macro_f1": 0.9467251319996475,
    "accuracy": 0.9520958083832335,
    "per_class_f1": [
      1.0,
      0.9333333333333333,
      0.972972972972973,
      0.8461538461538461,
      0.8828828828828829,
      0.9090909090909091,
      1.0,
      0.9741176470588235,
      0.9941520467836257,
      0.9411764705882353,
      1.0,
      0.9565217391304348,
      1.0,
      0.84375
    ]
  },
  "AnswerType": {
    "macro_f1": 0.8495408627299217,
    "accuracy": 0.9241516966067864,
    "per_class_f1": [
      0.7083333333333334,
      0.9545454545454546,
      0.8148148148148148,
      0.7692307692307693,
      0.8941176470588236,
      0.9941520467836257,
      0.8888888888888888,
      0.782608695652174,
      0.6666666666666666,
      0.926829268292683,
      0.9447619047619048
    ]
  },
  "CognitiveLevel": {
    "macro_f1": 0.7884348698273854,
    "accuracy": 0.7724550898203593,
    "per_class_f1": [
      0.7467811158798283,
      0.8,
      0.7142857142857143,
      0.8632075471698113,
      1.0,
      0.6063348416289592
    ]
  },
  "QuestionParticleType": {
    "macro_f1": 1.0,
    "accuracy": 1.0,
    "per_class_f1": [
      1.0,
      1.0,
      1.0
    ]
  },
  "QuestionType": {
    "macro_f1": 0.8808090601812575,
    "accuracy": 0.8942115768463074,
    "per_class_f1": [
      0.9207772795216741,
      0.8408408408408409
    ]
  },
  "Subjectivity": {
    "macro_f1": 0.9433535597180869,
    "accuracy": 0.9700598802395209,
    "per_class_f1": [
      0.9822485207100592,
      0.9044585987261147
    ]
  },
  "TemporalContext": {
    "macro_f1": 0.7629338780667394,
    "accuracy": 0.874251497005988,
    "per_class_f1": [
      0.7142857142857143,
      0.9032258064516129,
      0.8490566037735849,
      0.8481012658227848,
      0.5
    ]
  },
  "PurposeContext": {
    "macro_f1": 0.8557055012947652,
    "accuracy": 0.9520958083832335,
    "per_class_f1": [
      0.6666666666666666,
      0.9736842105263158,
      0.8367346938775511,
      0.9457364341085271
    ]
  },
  "List": {
    "macro_f1": 0.9169773800646284,
    "accuracy": 0.9680638722554891,
    "per_class_f1": [
      0.8518518518518519,
      0.9821029082774049
    ]
  },
  "mean_macro_f1": 0.8827200270980479
}