{
  "Intent": {
    "macro_f1": 0.9328250422740055,
    "accuracy": 0.9660678642714571,
    "per_class_f1": [
      1.0,
      0.9655172413793104,
      0.972972972972973,
      0.8333333333333334,
      0.8990825688073395,
      0.9090909090909091,
      1.0,
      0.988399071925754,
      0.9941520467836257,
      0.9705882352941176,
      1.0,
      0.9565217391304348,
      0.6666666666666666,
      0.9032258064516129
    ]
  },
  "AnswerType": {
    "macro_f1": 0.8846762492640934,
    "accuracy": 0.9421157684630739,
    "per_class_f1": [
      0.7857142857142857,
      0.9767441860465116,
      0.8666666666666667,
      0.9090909090909091,
      0.875,
      0.9941520467836257,
      0.8888888888888888,
      0.88,
      0.6666666666666666,
      0.926829268292683,
      0.9616858237547893
    ]
  },
  "CognitiveLevel": {
    "macro_f1": 0.7898623907650553,
    "accuracy": 0.7864271457085829,
    "per_class_f1": [
      0.7822878228782287,
      0.7441860465116279,
      0.7142857142857143,
      0.8605769230769231,
      1.0,
      0.6378378378378379
    ]
  },
  "QuestionParticleType": {
    "macro_f1": 1.0,
    "accuracy": 1.0,
    "per_class_f1": [
      1.0,
      1.0,
      1.0
    ]
  },
  "QuestionType": {
    "macro_f1": 0.8976097387595522,
    "accuracy": 0.908183632734531,
    "per_class_f1": [
      0.9305135951661632,
      0.8647058823529412
    ]
  },
  "Subjectivity": {
    "macro_f1": 0.955374109263658,
    "accuracy": 0.9760479041916168,
    "per_class_f1": [
      0.9857482185273159,
      0.925
    ]
  },
  "TemporalContext": {
    "macro_f1": 0.7019548203439865,
    "accuracy": 0.8902195608782435,
    "per_class_f1": [
      0.8333333333333334,
      0.907103825136612,
      0.905982905982906,
      0.8633540372670807,
      0.0
    ]
  },
  "PurposeContext": {
    "macro_f1": 0.8906708028695981,
    "accuracy": 0.9620758483033932,
    "per_class_f1": [
      0.75,
      0.9799196787148594,
      0.8846153846153846,
      0.9481481481481482
    ]
  },
  "List": {
    "macro_f1": 0.9414874980092371,
    "accuracy": 0.9780439121756487,
    "per_class_f1": [
      0.8952380952380953,
      0.987736900780379
    ]
  },
  "mean_macro_f1": 0.8882734057276873
}