{
  "Intent": {
    "macro_f1": 0.9697290605479542,
    "accuracy": 0.9720558882235529,
    "per_class_f1": [
      1.0,
      1.0,
      0.9411764705882353,
      0.8,
      0.9285714285714286,
      1.0,
      1.0,
      0.9789227166276346,
      1.0,
      1.0,
      1.0,
      1.0,
      1.0,
      0.927536231884058
    ]
  },
  "AnswerType": {
    "macro_f1": 0.8725026035189825,
    "accuracy": 0.9421157684630739,
    "per_class_f1": [
      0.7222222222222222,
      1.0,
      0.9142857142857143,
      0.8571428571428571,
      0.868421052631579,
      1.0,
      1.0,
      0.8,
      0.5,
      0.975609756097561,
      0.9598470363288719
    ]
  },
  "CognitiveLevel": {
    "macro_f1": 0.8391433757341651,
    "accuracy": 0.8283433133732535,
    "per_class_f1": [
      0.7859922178988327,
      0.8080808080808081,
      0.8484848484848485,
      0.9182692307692307,
      1.0,
      0.6740331491712708
    ]
  },
  "QuestionParticleType": {
    "macro_f1": 1.0,
    "accuracy": 1.0,
    "per_class_f1": [
      1.0,
      1.0,
      1.0
    ]
  },
  "QuestionType": {
    "macro_f1": 0.9255608934673865,
    "accuracy": 0.9341317365269461,
    "per_class_f1": [
      0.9508196721311475,
      0.9003021148036254
    ]
  },
  "Subjectivity": {
    "macro_f1": 0.9666989165515765,
    "accuracy": 0.9820359281437125,
    "per_class_f1": [
      0.9892984542211652,
      0.9440993788819876
    ]
  },
  "TemporalContext": {
    "macro_f1": 0.7144084096490624,
    "accuracy": 0.8982035928143712,
    "per_class_f1": [
      0.8888888888888888,
      0.9222222222222223,
      0.8936170212765957,
      0.8673139158576052,
      0.0
    ]
  },
  "PurposeContext": {
    "macro_f1": 0.9065120011535305,
    "accuracy": 0.9700598802395209,
    "per_class_f1": [
      0.75,
      0.9824086603518268,
      0.9016393442622951,
      0.992
    ]
  },
  "List": {
    "macro_f1": 0.9454248366013072,
    "accuracy": 0.9800399201596807,
    "per_class_f1": [
      0.9019607843137255,
      0.9888888888888889
    ]
  },
  "mean_macro_f1": 0.9044422330248848
}