{
  "Intent": {
    "macro_f1": 0.9606081826670062,
    "accuracy": 0.9680638722554891,
    "per_class_f1": [
      1.0,
      1.0,
      0.9411764705882353,
      0.6666666666666666,
      0.9272727272727272,
      1.0,
      1.0,
      0.9722222222222222,
      1.0,
      1.0,
      1.0,
      1.0,
      1.0,
      0.9411764705882353
    ]
  },
  "AnswerType": {
    "macro_f1": 0.8752157629979525,
    "accuracy": 0.9441117764471058,
    "per_class_f1": [
      0.7428571428571429,
      1.0,
      0.9444444444444444,
      0.8372093023255814,
      0.88,
      1.0,
      1.0,
      0.7857142857142857,
      0.5,
      0.975609756097561,
      0.9615384615384616
    ]
  },
  "CognitiveLevel": {
    "macro_f1": 0.8321721645796446,
    "accuracy": 0.8323353293413174,
    "per_class_f1": [
      0.8158844765342961,
      0.803921568627451,
      0.8,
      0.9148418491484185,
      1.0,
      0.6583850931677019
    ]
  },
  "QuestionParticleType": {
    "macro_f1": 1.0,
    "accuracy": 1.0,
    "per_class_f1": [
      1.0,
      1.0,
      1.0
    ]
  },
  "QuestionType": {
    "macro_f1": 0.910707920439153,
    "accuracy": 0.9201596806387226,
    "per_class_f1": [
      0.9397590361445783,
      0.8816568047337278
    ]
  },
  "Subjectivity": {
    "macro_f1": 0.9588844871192284,
    "accuracy": 0.9780439121756487,
    "per_class_f1": [
      0.9869513641755635,
      0.9308176100628931
    ]
  },
  "TemporalContext": {
    "macro_f1": 0.7028943144835867,
    "accuracy": 0.872255489021956,
    "per_class_f1": [
      0.8888888888888888,
      0.8954128440366973,
      0.9078014184397163,
      0.8223684210526315,
      0.0
    ]
  },
  "PurposeContext": {
    "macro_f1": 0.9061140350877193,
    "accuracy": 0.9700598802395209,
    "per_class_f1": [
      0.75,
      0.9824561403508771,
      0.9,
      0.992
    ]
  },
  "List": {
    "macro_f1": 0.9434486183854073,
    "accuracy": 0.9800399201596807,
    "per_class_f1": [
      0.8979591836734694,
      0.9889380530973452
    ]
  },
  "mean_macro_f1": 0.8988939428621886
}