{
  "Intent": {
    "macro_f1": 0.9588030461062022,
    "accuracy": 0.9700598802395209,
    "per_class_f1": [
      1.0,
      0.967741935483871,
      0.972972972972973,
      0.8333333333333334,
      0.9074074074074074,
      0.9090909090909091,
      1.0,
      0.9906976744186047,
      0.9941520467836257,
      0.9850746268656716,
      1.0,
      0.9565217391304348,
      1.0,
      0.90625
    ]
  },
  "AnswerType": {
    "macro_f1": 0.8696914417451044,
    "accuracy": 0.93812375249501,
    "per_class_f1": [
      0.7547169811320755,
      1.0,
      0.8275862068965517,
      0.8695652173913043,
      0.8780487804878049,
      0.9941520467836257,
      0.8888888888888888,
      0.8,
      0.6666666666666666,
      0.926829268292683,
      0.9601518026565465
    ]
  },
  "CognitiveLevel": {
    "macro_f1": 0.7871918840502112,
    "accuracy": 0.8023952095808383,
    "per_class_f1": [
      0.7878787878787878,
      0.7441860465116279,
      0.6428571428571429,
      0.8852459016393442,
      1.0,
      0.6629834254143646
    ]
  },
  "QuestionParticleType": {
    "macro_f1": 1.0,
    "accuracy": 1.0,
    "per_class_f1": [
      1.0,
      1.0,
      1.0
    ]
  },
  "QuestionType": {
    "macro_f1": 0.9107940850758909,
    "accuracy": 0.9181636726546906,
    "per_class_f1": [
      0.9364341085271318,
      0.8851540616246498
    ]
  },
  "Subjectivity": {
    "macro_f1": 0.940498812351544,
    "accuracy": 0.9680638722554891,
    "per_class_f1": [
      0.9809976247030879,
      0.9
    ]
  },
  "TemporalContext": {
    "macro_f1": 0.8330862543628502,
    "accuracy": 0.908183632734531,
    "per_class_f1": [
      0.7692307692307693,
      0.9230769230769231,
      0.918918918918919,
      0.8875379939209727,
      0.6666666666666666
    ]
  },
  "PurposeContext": {
    "macro_f1": 0.8625869267590036,
    "accuracy": 0.9560878243512974,
    "per_class_f1": [
      0.6666666666666666,
      0.9773030707610146,
      0.8598130841121495,
      0.9465648854961832
    ]
  },
  "List": {
    "macro_f1": 0.9284293579191438,
    "accuracy": 0.9740518962075848,
    "per_class_f1": [
      0.8712871287128713,
      0.9855715871254163
    ]
  },
  "mean_macro_f1": 0.8990090898188835
}