{
  "Intent": {
    "macro_f1": 0.8688800722403777,
    "accuracy": 0.9121756487025948,
    "per_class_f1": [
      0.88,
      0.9285714285714286,
      0.9473684210526315,
      0.88,
      0.8571428571428571,
      0.7692307692307693,
      1.0,
      0.9441860465116279,
      0.9285714285714286,
      0.8615384615384616,
      0.5,
      0.7586206896551724,
      1.0,
      0.9090909090909091
    ]
  },
  "AnswerType": {
    "macro_f1": 0.814394532177901,
    "accuracy": 0.9201596806387226,
    "per_class_f1": [
      0.8076923076923077,
      0.9767441860465116,
      0.8387096774193549,
      0.9,
      0.8780487804878049,
      0.9397590361445783,
      1.0,
      0.8,
      0.0,
      0.8717948717948718,
      0.9455909943714822
    ]
  },
  "CognitiveLevel": {
    "macro_f1": 0.7541768983785168,
    "accuracy": 0.7644710578842315,
    "per_class_f1": [
      0.7813620071684588,
      0.6666666666666666,
      0.8148148148148148,
      0.8472906403940886,
      0.8235294117647058,
      0.5913978494623656
    ]
  },
  "QuestionParticleType": {
    "macro_f1": 1.0,
    "accuracy": 1.0,
    "per_class_f1": [
      1.0,
      1.0,
      1.0
    ]
  },
  "QuestionType": {
    "macro_f1": 0.9238486092111263,
    "accuracy": 0.9301397205588823,
    "per_class_f1": [
      0.9457364341085271,
      0.9019607843137255
    ]
  },
  "Subjectivity": {
    "macro_f1": 0.955374109263658,
    "accuracy": 0.9760479041916168,
    "per_class_f1": [
      0.9857482185273159,
      0.925
    ]
  },
  "TemporalContext": {
    "macro_f1": 0.6432162881366421,
    "accuracy": 0.9041916167664671,
    "per_class_f1": [
      0.5,
      0.9272727272727272,
      0.9026548672566371,
      0.8861538461538462,
      0.0
    ]
  },
  "PurposeContext": {
    "macro_f1": 0.8522642004734459,
    "accuracy": 0.9481037924151696,
    "per_class_f1": [
      0.6666666666666666,
      0.9718120805369127,
      0.822429906542056,
      0.9481481481481482
    ]
  },
  "List": {
    "macro_f1": 0.9159367764018926,
    "accuracy": 0.9700598802395209,
    "per_class_f1": [
      0.8484848484848485,
      0.9833887043189369
    ]
  },
  "mean_macro_f1": 0.8586768318092844
}