{
  "Intent": {
    "macro_f1": 0.9635195705076288,
    "accuracy": 0.9660678642714571,
    "per_class_f1": [
      1.0,
      1.0,
      0.9411764705882353,
      0.7368421052631579,
      0.9272727272727272,
      1.0,
      1.0,
      0.9696969696969697,
      1.0,
      1.0,
      1.0,
      1.0,
      1.0,
      0.9142857142857143
    ]
  },
  "AnswerType": {
    "macro_f1": 0.8751520024690757,
    "accuracy": 0.9441117764471058,
    "per_class_f1": [
      0.7222222222222222,
      1.0,
      0.9444444444444444,
      0.8571428571428571,
      0.88,
      1.0,
      1.0,
      0.7857142857142857,
      0.5,
      0.975609756097561,
      0.9615384615384616
    ]
  },
  "CognitiveLevel": {
    "macro_f1": 0.8301272744870306,
    "accuracy": 0.8263473053892215,
    "per_class_f1": [
      0.7928571428571428,
      0.7916666666666666,
      0.8125,
      0.9170731707317074,
      1.0,
      0.6666666666666666
    ]
  },
  "QuestionParticleType": {
    "macro_f1": 1.0,
    "accuracy": 1.0,
    "per_class_f1": [
      1.0,
      1.0,
      1.0
    ]
  },
  "QuestionType": {
    "macro_f1": 0.9165379714634333,
    "accuracy": 0.9261477045908184,
    "per_class_f1": [
      0.9448584202682563,
      0.8882175226586103
    ]
  },
  "Subjectivity": {
    "macro_f1": 0.9670291100272747,
    "accuracy": 0.9820359281437125,
    "per_class_f1": [
      0.9892729439809297,
      0.9447852760736196
    ]
  },
  "TemporalContext": {
    "macro_f1": 0.7855324252702355,
    "accuracy": 0.8942115768463074,
    "per_class_f1": [
      0.75,
      0.9168207024029574,
      0.9,
      0.86084142394822,
      0.5
    ]
  },
  "PurposeContext": {
    "macro_f1": 0.9065120011535305,
    "accuracy": 0.9700598802395209,
    "per_class_f1": [
      0.75,
      0.9824086603518268,
      0.9016393442622951,
      0.992
    ]
  },
  "List": {
    "macro_f1": 0.9333481152993348,
    "accuracy": 0.9760479041916168,
    "per_class_f1": [
      0.88,
      0.9866962305986696
    ]
  },
  "mean_macro_f1": 0.9086398300752827
}