{
  "Intent": {
    "macro_f1": 0.936116162377182,
    "accuracy": 0.9680638722554891,
    "per_class_f1": [
      1.0,
      0.896551724137931,
      0.972972972972973,
      0.88,
      0.9074074074074074,
      0.9090909090909091,
      1.0,
      0.9884526558891455,
      0.9941520467836257,
      0.9696969696969697,
      1.0,
      1.0,
      0.6666666666666666,
      0.9206349206349206
    ]
  },
  "AnswerType": {
    "macro_f1": 0.8883326495813673,
    "accuracy": 0.9401197604790419,
    "per_class_f1": [
      0.7547169811320755,
      1.0,
      0.9032258064516129,
      0.8333333333333334,
      0.8888888888888888,
      0.9941520467836257,
      1.0,
      0.8461538461538461,
      0.6666666666666666,
      0.926829268292683,
      0.9576923076923077
    ]
  },
  "CognitiveLevel": {
    "macro_f1": 0.8072689883731328,
    "accuracy": 0.7944111776447106,
    "per_class_f1": [
      0.7918088737201365,
      0.725,
      0.8461538461538461,
      0.8735083532219571,
      1.0,
      0.6071428571428571
    ]
  },
  "QuestionParticleType": {
    "macro_f1": 1.0,
    "accuracy": 1.0,
    "per_class_f1": [
      1.0,
      1.0,
      1.0
    ]
  },
  "QuestionType": {
    "macro_f1": 0.9098671768386596,
    "accuracy": 0.9181636726546906,
    "per_class_f1": [
      0.9372128637059725,
      0.8825214899713467
    ]
  },
  "Subjectivity": {
    "macro_f1": 0.9514089393227243,
    "accuracy": 0.9740518962075848,
    "per_class_f1": [
      0.9845788849347569,
      0.9182389937106918
    ]
  },
  "TemporalContext": {
    "macro_f1": 0.8308820871553279,
    "accuracy": 0.8882235528942116,
    "per_class_f1": [
      0.8333333333333334,
      0.9087591240875912,
      0.8867924528301887,
      0.8588588588588588,
      0.6666666666666666
    ]
  },
  "PurposeContext": {
    "macro_f1": 0.8449739503524365,
    "accuracy": 0.9560878243512974,
    "per_class_f1": [
      0.5714285714285714,
      0.9747675962815405,
      0.8952380952380953,
      0.9384615384615385
    ]
  },
  "List": {
    "macro_f1": 0.9202102245580506,
    "accuracy": 0.9700598802395209,
    "per_class_f1": [
      0.8571428571428571,
      0.9832775919732442
    ]
  },
  "mean_macro_f1": 0.8987844642843201
}